filename,emberscore
advantageousnessKTC8zpuyr3aJ8reyRujA9abMEgGAx9YlqZXXzUpWWYHPLDNE3a3iTF6JN9ToJrP1,0.94159083769703
alationrJpfPPVkPBZGhm9TRwFQdnHEMRxOpxM45ENLheCfz8CAtcgkvoGlO9fAp7jNM2a1,0.2245989811638336
campylometerG9UhGE62fy7w6qZDHB2irKxvkaCCxujHe2J4aFK9hKK6BX2HvafPDz6HO4CCkqPU,0.036370712053197994
dental5T6oy0dJGwYqyFCIfcZcz7aFZQs0jYZzX8IW8IymAHysyNaZ1yzC4gBF7x7pzJ3I,0.9855418423926628
depthometerk2NeYqTVvP2LZZ2BWSaWNtMh6c8iSKOZ037W9YFZScd5dchA0BnqPAuESGa9hpRl,0.016656058455657714
dmBQJCLbWr3W7Zw2QpjNgZdrMhlMkiyrKQpHL46j21MUaJNSFMQNqwEP6m6pLibfoI,0.024299498170391627
eclatszn9xcm7Q7QDi7mEZUNn3qOA3MD6fJXQ0XodI1S0XL6Cx3IOmipV7twfOxLSxe0lZ,0.3176351289539795
ensuerzE4k0uNqIK2XXAviMM20nDYZQi1Q1yegnZXaH9p43b2bBD0jfSDRdfCGWkRkZUTH,0.08198131258044776
epithalamusBF4LllKEfaEhPASbGRQV6iaslwEHEuPoZeA5URkBEVacTAQlA0LgMjbtQqwlA2Dw,0.008084309716687058
fortificationryg1xs2cNUEV04fJyCv1aF4Upp1dSWwi67G8QdwdTxJb2qLXQDsM9iNYnAD7Zd5W,0.9041258726503453
immanifesty7rxOHlsH5TEUoHxqd0blHjFZ3oey3EuboCZVppTW8AGIyJrSfd7QfUEIzBJWWKW,0.0072068366492238104
immunopathologyn02yHbYQoecei1sAcWsP0ZXObegPgDEleAGXnbiNCZaVcO0r7dRQgETlG7eAXTMY,0.718361446295057
inter1e8ed56ad09e6d81d8b6bedd08ecee79b98f2b0297d566e10904175c50db7da2,0.5936062345266561
lemuroidzXpQxfREX2OhA3PPKJjhhAxpghDKOXsqli75N8R15JP945JPk1n8fNGa3OwMdEmZ,0.8794166667309823
